{
  "blood_glucose_level": 0.6333000063896179,
  "hypertension": 0.10890000313520432,
  "age": 0.08889999985694885,
  "heart_disease": 0.07840000092983246,
  "bmi": 0.03909999877214432,
  "gender_male": 0.02930000051856041,
  "smoking": 0.022099999710917473
}