{
  "age": 0.15669970214366913,
  "gender_male": 0.03409434109926224,
  "bmi": 0.056061696261167526,
  "blood_glucose_level": 0.6018834114074707,
  "hypertension": 0.07481034845113754,
  "heart_disease": 0.04982117563486099,
  "smoking": 0.02662927284836769
}